{
    "xgb": {
        "n_estimators": 2808,
        "learning_rate": 0.0958656072635193,
        "max_depth": 3,
        "min_child_weight": 4,
        "subsample": 0.8645103532459261,
        "colsample_bytree": 0.6034845653601265,
        "reg_alpha": 0.012199344941932633,
        "reg_lambda": 1.321528652458521e-05
    },
    "lgbm": {
        "n_estimators": 2175,
        "learning_rate": 0.049361833539260935,
        "max_depth": 8,
        "num_leaves": 21,
        "min_child_samples": 17,
        "subsample": 0.8512912438728353,
        "colsample_bytree": 0.892574438155194,
        "reg_alpha": 0.0005607022101874203,
        "reg_lambda": 0.06663680017625412
    },
    "cat": {
        "iterations": 2581,
        "learning_rate": 0.024124340682842315,
        "depth": 5,
        "l2_leaf_reg": 0.11161639330831707,
        "subsample": 0.9177269468895219
    }
}